"Path","Length","Lines"
"agentes\AGENTS.md","23572","209"
"agentes\AUTOTASKS.md","40263","222"
"agentes\ROLES.md","4647","50"
"agentes\skills\ipvn7-network-os-agent\references\MATRIZ_OPTIMIZACION_RED.md","2856","40"
"agentes\skills\ipvn7-network-os-agent\references\ROADMAP_ESTANDAR_MUNDIAL.md","3644","42"
"agentes\skills\ipvn7-network-os-agent\SKILL.md","8977","97"
".github\workflows\release.yml","2580","74"
".vscode\settings.json","264","7"
"config\.env","207","4"
"config\.env.example","171","4"
"config\git.ignore","519","34"
"data\1.txt","136997","1423"
"data\petnames.json","982","29"
"docker\Dockerfile","1664","37"
"docs\specs\ADR_RESUMEN.md","33970","332"
"docs\ARQUITECTURA.md","10474","210"
"docs\BASELINE.md","4773","64"
"docs\FUENTE_DE_VERDAD.md","7234","147"
"docs\specs\GATEWAY_API.md","6928","128"
"docs\specs\ESPECIFICACIONES_SATELITALES_Y_ARQUITECTURA.md","2365","46"
"docs\guides\GUIA_INSTALACION_Y_DESPLIEGUE.md","2848","78"
"docs\guides\IPVN7_PARA_TODOS.md","7194","94"
"docs\guides\MANUAL_DE_USO_CLI_Y_VPN.md","2359","52"
"docs\plans\HISTORIAL_PLANES_FASES.md","3016","45"
"docs\audit\AUDITORIA_EXTERNA_HISTORICA_ee56f89.md","26316","847"
"docs\audit\INFORME_RESPUESTA_Y_CIERRE.md","3566","55"
"docs\legacy\MEMORIA_HISTORICA_Y_LECCIONES.md","2121","37"
"docs\README.md","8030","119"
"docs\research\COMPENDIO_INVESTIGACION_PQC_Y_REDES.md","2770","58"

"docs\rfc\RFC_IPVN7_CORE.md","8090","115"
"docs\rfc\RFC_IPVN7_SPHINX.md","6226","77"
"docs\rfc\RFC_IPVN7_XDP_ACCELERATION.md","2848","61"
"docs\ops\VERIFICATION_PHYSICAL_2NODE.md","5854","139"
"docs\ops\VERIFICATION_REPORT.md","1680","25"
"docs\ops\AUTONOMOUS_CYCLE_LOG.md","856","18"
"keystore\node_identity.key","175","4"
"keystore\trusted_peers.json","381","14"
"scripts\audit_token_usage.ps1","6217","122"
"scripts\autonomous_cycle.ps1","2808","48"
"scripts\benchmark_comparative.go","16226","275"
"scripts\build_dual.ps1","2030","36"
"scripts\build_dual.sh","1977","33"
"scripts\build_wasm.ps1","1601","30"
"scripts\build_wasm.sh","865","17"
"scripts\check_line_counts.ps1","276","6"
"scripts\install.ps1","7486","154"
"scripts\install.sh","4606","118"
"scripts\install_vpn_i7.ps1","4010","74"
"scripts\mesh_pair.ps1","2405","35"
"scripts\multisuite\suite_algorithmic_fuzzing.ps1","1752","43"
"scripts\multisuite\suite_concurrency_race.ps1","2152","47"
"scripts\multisuite\suite_network_chaos.ps1","1816","43"
"scripts\multisuite\suite_network_hostile_wan.ps1","2321","51"
"scripts\multisuite\suite_report_generator.ps1","5123","85"
"scripts\multisuite\suite_static_predictive.ps1","2533","54"
"scripts\multisuite\suite_zero_copy_drift.ps1","2237","46"
"scripts\persona_agent_ux_audit.ps1","6164","106"
"scripts\run_autonomous_daemon.ps1","1889","34"
"scripts\setup_notebook.bat","1868","51"
"scripts\setup_notebook.ps1","3275","57"
"scripts\setup_pc_principal.ps1","942","18"
"scripts\start_minimal.ps1","1320","39"
"scripts\start_minimal.sh","882","34"
"scripts\start_vpn_i7.bat","120","5"
"scripts\start_vpn_i7.ps1","4378","80"
"scripts\start_vpn_i7.sh","1528","33"
"scripts\stop_node.bat","80","3"
"scripts\verify_ipvn7_standard.ps1","4618","89"
"scripts\view_logs.ps1","1273","27"
"sdk\go\client.go","4377","145"
"sdk\go\client_test.go","1367","51"
"sdk\python\examples\agent_pairing.py","3394","61"
"sdk\python\ipvn7\__init__.py","2446","62"
"sdk\python\ipvn7\client.py","5840","133"
"sdk\python\ipvn7\models.py","1515","57"
"sdk\python\pyproject.toml","360","14"
"sdk\python\README.md","681","22"
"sdk\python\setup.py","791","20"
"sdk\python\tests\test_sdk.py","2565","61"
"sdk\rust\Cargo.toml","300","12"
"sdk\rust\README.md","415","12"
"sdk\rust\src\lib.rs","4131","115"
"sdk\typescript\package.json","414","16"
"sdk\typescript\README.md","694","19"
"sdk\typescript\src\index.ts","1813","56"
"src\cmd\ipvn7\diagnostics.go","4597","116"
"src\cmd\ipvn7\main.go","11944","296"
"src\cmd\ipvn7-wasm\main.go","2334","78"
"src\go.mod","208","9"
"src\go.sum","807","10"
"src\pkg\core\arp_table.go","3404","116"
"src\pkg\core\auto_elevation.go","5921","172"
"src\pkg\core\benchmark_runner.go","3768","112"
"src\pkg\core\benchmark_runner_test.go","1145","44"
"src\pkg\core\fsm.go","4392","117"
"src\pkg\core\fsm_test.go","2658","59"
"src\pkg\core\gateway.go","8724","284"
"src\pkg\core\gateway_test.go","5375","157"
"src\pkg\core\logger.go","2137","82"
"src\pkg\core\logger_test.go","999","37"
"src\pkg\core\network_config.go","3189","114"
"src\pkg\core\operating_modes.go","4143","114"
"src\pkg\core\operating_modes_test.go","2368","76"
"src\pkg\core\pipeline.go","3547","111"
"src\pkg\core\pipeline_stages.go","5656","177"
"src\pkg\core\pipeline_test.go","5499","163"
"src\pkg\core\platform_common.go","453","12"
"src\pkg\core\platform_other.go","798","25"
"src\pkg\core\platform_windows.go","5304","132"
"src\pkg\core\platform_windows_test.go","2310","67"
"src\pkg\core\server_intent_test.go","380","10"
"src\pkg\core\telemetry_exporter.go","4297","123"
"src\pkg\core\types.go","3137","69"
"src\pkg\core\web_ui.go","5027","119"
"src\pkg\core\web_ui_test.go","1113","41"
"src\pkg\interfaces\fsm.go","2409","56"
"src\pkg\interfaces\graph.go","2907","56"
"src\pkg\interfaces\identity.go","3457","57"
"src\pkg\interfaces\pipeline.go","3014","63"
"src\pkg\interfaces\routing.go","3143","55"
"src\pkg\interfaces\security.go","3380","70"
"src\pkg\interfaces\service.go","2615","48"
"src\pkg\interfaces\transport.go","3537","61"
"src\pkg\l0\anti_replay.go","1909","69"
"src\pkg\l0\buffer_metrics.go","2756","82"
"src\pkg\l0\buffer_metrics_test.go","1744","55"
"src\pkg\l0\crypto.go","11159","260"
"src\pkg\l0\ebpf_xdp_spec.go","2776","88"
"src\pkg\l0\ebpf_xdp_test.go","1837","52"
"src\pkg\l0\identity.go","4231","122"
"src\pkg\l0\l0_test.go","10507","298"
"src\pkg\l0\minimal_test.go","726","26"
"src\pkg\l0\packet_batcher.go","4328","143"
"src\pkg\l0\packet_batcher_test.go","2814","81"
"src\pkg\l0\pqc_kem.go","5428","135"
"src\pkg\l0\pqc_kem_test.go","2864","70"
"src\pkg\l0\wire.go","5708","173"
"src\pkg\l0\wire_fuzz_test.go","3291","89"
"src\pkg\l0\xdp_ipvn7.c","3255","91"
"src\pkg\l0\xdp_loader.go","1529","43"
"src\pkg\l0\xdp_loader_linux.go","2686","81"
"src\pkg\l0\xdp_loader_other.go","1319","40"
"src\pkg\l0\xdp_loader_test.go","1367","51"
"src\pkg\l1\anti_replay_session.go","6155","173"
"src\pkg\l1\anti_replay_session_test.go","2144","60"
"src\pkg\l1\autonomous_discovery.go","8187","277"
"src\pkg\l1\blind_rendezvous.go","9534","240"
"src\pkg\l1\blind_rendezvous_test.go","4087","106"
"src\pkg\l1\blind_store.go","6183","197"
"src\pkg\l1\buffer_pool.go","4806","156"
"src\pkg\l1\buffer_pool_test.go","1655","51"
"src\pkg\l1\firewall.go","7985","208"
"src\pkg\l1\firewall_test.go","2320","64"
"src\pkg\l1\key_rotation.go","4570","128"
"src\pkg\l1\l1_interfaces_test.go","998","31"
"src\pkg\l1\l1_test.go","7556","192"
"src\pkg\l1\link_healing.go","4567","142"
"src\pkg\l1\link_healing_test.go","5372","122"
"src\pkg\l1\memory_arbiter.go","5162","129"
"src\pkg\l1\memory_arbiter_test.go","1274","37"
"src\pkg\l1\mobility_anchor.go","11967","267"
"src\pkg\l1\mobility_anchor_test.go","12742","288"
"src\pkg\l1\multipath.go","7826","225"
"src\pkg\l1\multipath_test.go","2185","62"
"src\pkg\l1\nat_hole_punch.go","4846","156"
"src\pkg\l1\nat_hole_punch_test.go","3360","121"
"src\pkg\l1\nat_stun.go","5990","179"
"src\pkg\l1\nat_stun_test.go","2254","57"
"src\pkg\l1\nat_traversal.go","5920","196"
"src\pkg\l1\nat_traversal_test.go","2776","67"
"src\pkg\l1\nat_upnp.go","5829","173"
"src\pkg\l1\nat_upnp_test.go","1979","65"
"src\pkg\l1\network_probe.go","7304","217"
"src\pkg\l1\network_probe_test.go","916","34"
"src\pkg\l1\pacing.go","4410","119"
"src\pkg\l1\pqc_handshake.go","5364","145"
"src\pkg\l1\pqc_handshake_test.go","3045","92"
"src\pkg\l1\pqc_hybrid.go","12217","318"
"src\pkg\l1\pqc_hybrid_test.go","5198","141"
"src\pkg\l1\pqc_signatures.go","3205","88"
"src\pkg\l1\probe_detectors.go","4309","117"
"src\pkg\l1\qos.go","7330","220"
"src\pkg\l1\qos_test.go","1708","47"
"src\pkg\l1\routing.go","8776","268"
"src\pkg\l1\routing_metrics.go","2480","70"
"src\pkg\l1\routing_rings.go","5067","137"
"src\pkg\l1\routing_stress_test.go","3408","103"
"src\pkg\l1\silent_call_response.go","7744","228"
"src\pkg\l1\silent_call_response_test.go","2673","79"
"src\pkg\l1\socks5_gateway.go","9871","337"
"src\pkg\l1\socks5_gateway_test.go","2497","82"
"src\pkg\l1\sphinx_builder.go","5837","144"
"src\pkg\l1\sphinx_onion.go","7169","182"
"src\pkg\l1\sphinx_padding.go","6510","177"
"src\pkg\l1\sphinx_padding_test.go","3082","79"
"src\pkg\l1\sphinx_wire.go","1810","40"
"src\pkg\l1\tls_masquerade.go","3492","79"
"src\pkg\l1\tls_masquerade_test.go","1688","55"
"src\pkg\l1\tls_obfuscation.go","12558","281"
"src\pkg\l1\tls_obfuscation_test.go","3071","91"
"src\pkg\l1\tun_adapter.go","4512","148"
"src\pkg\l1\tun_adapter_test.go","1559","52"
"src\pkg\l1\tun_native_darwin.go","1697","62"
"src\pkg\l1\tun_native_linux.go","2064","94"
"src\pkg\l1\tun_native_other.go","1190","47"
"src\pkg\l1\tun_native_windows.go","7669","228"
"src\pkg\l1\tun_native_windows_test.go","1739","49"
"src\pkg\l1\tun_router.go","3749","127"
"src\pkg\l1\tun_router_test.go","3138","93"
"src\pkg\l1\uin_identity.go","9011","241"
"src\pkg\l1\uin_identity_test.go","1839","55"
"src\pkg\l1\wan_active_prober.go","6365","224"
"src\pkg\l1\wan_active_prober_test.go","3564","119"
"src\pkg\l2\accounting.go","6449","194"
"src\pkg\l2\accounting_test.go","1367","31"
"src\pkg\l2\anomaly_fingerprinter.go","6393","188"
"src\pkg\l2\anomaly_fingerprinter_test.go","1617","38"
"src\pkg\l2\dht_kademlia.go","4058","136"
"src\pkg\l2\dht_kademlia_test.go","2357","73"
"src\pkg\l2\explainable_network.go","4083","91"
"src\pkg\l2\explainable_network_test.go","2199","67"
"src\pkg\l2\l2_test.go","1189","35"
"src\pkg\l2\planetary_mesh.go","5868","188"
"src\pkg\l2\planetary_mesh_test.go","2053","61"
"src\pkg\l2\split_brain_guard.go","4409","135"
"src\pkg\l2\split_brain_guard_test.go","2193","60"
"src\pkg\l2\telemetry.go","4680","128"
"src\pkg\wasm\engine.go","4050","110"
"src\pkg\wasm\engine_test.go","2348","70"
"wintun\include\wintun.h","10362","241"
"wintun\LICENSE.txt","5431","76"
"wintun\README.md","13916","194"
